生热光束,生热光束
褪色回忆,回忆凋零
产能爆发,产量激增
杀戮名单,名单      
野性直觉,野性感知
无餍屠夫,饥肠屠户
腐蚀药剂桶,腐蚀桶      
警告射击,警告射击
烦人幽灵,恼人幽魂
呼唤仪式,召唤仪式
使劲全力,竭尽所能
平行时空,平行时空
埋没的烈日巨环,荒埋的太阳圆盘
岩石编制,塑岩      
狂暴四不像,痛击噬怪   
适应型号3000型,自适应3000型   
生死相依,生死双子
盗版赝品,赝品      
俘虏,拘捕
遗愿,绝念
备战,鼓舞
隐秘,灵巧
开悟,启明
闪灵,瞬息
威吓,凶煞
掠夺,洗劫
乱掷,投掷
泯灭,湮灭
弱势,易损
蛮力,碾压
扩增,增强
快速攻击,先制攻击
海难投弃,投弃      
游侠决心,护林决心
群鸦盛宴,狂食鸦群
灵犬座刻碑,信犬印记   
星辰牧羊人,星角牧童   
异想画师,创想画家
勒索,勒索
法术窃盗,窃法巧手
死亡射线：1型,死亡射线：1型
飞鸟座,飞鹤   
压力测试,压力测试
三姊妹,三姐妹
巴凯收割者,夺命巴凯   
占沙术,占沙术
未来异想,无穷遐想
开膛手海湾,鬼影海湾   
落地喵喵,坠地猫咪
以物易物,锁物交易
恶臭呼碰,恶臭汪噗
森之殇,森之殇
茄妖幼苗,精灵新芽
鬼步,鬼步
警示鹰,预示鹰
军团破坏者,军团破坏者
应急装置,应急装置
灵巧魄罗,灵动魄罗
无战痕洗劫者,无疤游荡者   
蘑菇云,蘑菇云
祖安小乞丐,祖安顽童   
精神导师,励志老师
大胆魄罗,大胆魄罗
幼年学怪,雪人幼崽
凶厄魄罗,坏坏魄罗
英勇魄罗,勇敢魄罗
魂灵吸噬,灵魂汲取
寒毛直竖,虫匍临身
暗影之魔,影魔      
钢铁脆化,钢铁脆化
不知情的岛民,无知岛民      
倒霉的贵族,倒霉贵族   
急速猛攻,冲击      
军团后卫,军团后卫
猎魔监管员,驱法收容者
利刃刀锋,刀锋利刃
聪慧学者,聪慧学者
抗击魔药,钢铁合剂
锁子甲,锁子甲
愤怒魔药,愤怒合剂
群暗影岛印记,群岛印记      
宝贝毒蛛,宝贝宠物
孤单魄罗,孤独魄罗
召回,召回
那欧利刃斥候,纳沃利刃探   
武术学徒,练功学徒
生命药水,生命药水
林地守护者,绿野看管员
光辉打击,光辉打击
黏人魄罗,黏人魄罗
德莱文的头号粉丝,德莱文头号粉丝   
克劳菲尔德的席莉亚,云丛的希思莉亚      
疾羽猎鹰,羽追踪者
狱长的猎物,狱长的猎物
狡诈,狡诈
警告过你喽,警告过你   
鼬诈老千,台球行家
大盗魄罗,魄罗劫匪
潜行割喉客,潜行割喉客
枪火谈判,枪火谈判
贝壳电击者,贝壳炮手   
残渣打捞者,残渣疏浚工
越狱,越狱
残勾团屠夫,铁钩帮屠夫
神射海盗,神射海盗
低吼树怪,树皮吼怪
扭曲树精,树苗投掷
寻花松鼠,花童      
皮克斯！,皮克斯！
普蝶,魄蝶
送礼人,送礼人
月环唤幕者,皎月暮使徒
日轮士兵,烈阳士兵
冥鬼枭,冥河枭
夜幕庇护,黑暗庇护
硬脾气老蝎,易怒老蝎   
护刃随从,剑童      
巨臂改装迷,武装改造迷
彼方馈赠,彼岸赐福
战技专精,战地巧技
忏罪随从,悔罪侍从
巨龙点心,巨龙点心
冰封奴魔,冰封奴仆
暗影学徒,暗影学徒
血色怪猫,猩红血怪
嗜血流寇,嗜血流寇
远古计划,远古整备
烈日当空,虚弱      
天选魄罗,天命魄罗
砥砺石,形岩   
沙丘守护者,沙丘守卫   
舞动水滴,舞动水滴
石奇,奇璞
血饵,血饵
幼鲨,幼鲨
天体并行,晨昏齐列
滑板女孩,飞板滑手
寻宝人,寻宝人
幼年煞族,幼艾克塞
胆小野山羊,受惊野山羊
八爪水獭,章獭      
海克斯地雷带,海克斯爆雷区
紫莓果昔,紫莓奶昔
灵巧化学家,创新化学家
约德尔随从,约德尔侍从
原始魄罗,始祖魄罗
剧毒吹箭,毒性吹箭
团体照,合照   
重生掷弹兵,复生掷弹兵
进阶情报,进阶线报
力量方尖碑,力量方尖碑
荒凉造物,荒芜造物
新星哨兵,新兴哨兵
锻造场主管,锻造厂主管
废物利用,废料堆   
云卷式,徐如云
传奇追寻者,传奇追寻者
反魔法英石巨犬像,禁魔石猎犬         
默言影见者,谧影先知   
残钩团监工,铁钩帮工头
龙瞳修行者,神龙之眼   
星泉,星泉
重影潜蝠,不散潜影
星星骨头,星骨棒   
黑玫瑰间谍,黑玫瑰间谍
不配飞升,云泥殊路
神羊喘息,羊灵生息
刺骨鱼叉,透骨尖钉
打击宣言,垒打宣言
四尾旋刃者,仙灵剑舞者
武器铁匠,战地铁匠
吹号求援,敦请救兵
播撒的种子,耕耘         
血色门徒,猩红学徒
竞技场主持人,竞技场播报员
魄罗牧人,魄罗牧者
竞技场组头,竞技场管理
猎魔宣教士,驱法说服者
死亡莲花,死亡莲华
林地双煞,绿野二人
鲨鱼战车,鲨鱼战车
特菲利安求誉者,崔法利逐耀者   
亘古洞悉,世纪之眼
英勇水手,勇敢水手
钢铁暴雪,斩钢闪   
化学庞克扒手,炼金顽童      
星光先知,星光先知
珊瑚小顽童,珊瑚精灵   
黑市商人,黑市商人
选牌,选牌
飞鹰突击,炫目攻势
寒风刺骨,陷入寒境
集体分赃,共享战利
走为上策,回身      
巨龙先使,巨龙令使
紫角山羊,山羊      
压制,铁手
抗魔英石雕,禁魔石雕   
抗拒！,回绝！
拼装魄罗机器人,补丁魄罗机      
沉睡梦域,催眠气泡
酷炫星图,酷炫星图
弱肉强食,捕猎弱者
巨魔馈赠,巨魔赠礼
星角峰,摘星峰
珍存之所,存护处所
远古沙漏,远古沙漏
杀戮之路,毁灭之径
身陷黄昏,灵约黄昏
深海甲虫,深海甲虫
神皇高台,御用高台
切分换位,切分易位
缎带舞者,红绸舞者
海藻少女,海藻姑娘
贝壳学家,贝壳学家
行走望远镜,大步望远镜
设陷阱,设陷阱
玛拉族守卫,鲛人守卫   
玛拉族歌姬,鲛人歌姬   
复活手术,盐线手术
劲风修士,呼风僧侣
高压电鱼叉,电子鱼叉   
盾之跃击,斗盾跃击
奇幻图腾,摸鱼飞弹
妖精爷爷,精灵爷爷
反魔法英石巨翼像,禁魔石巨鹰         
面具看守者,面具守侍   
菁英学院奇才,学院天才      
春临信使,春之使   
窥视异域,彼岸一瞥
牧灵者,牧魂者
勤奋的学徒,勤奋的学徒
先锋守军,先锋卫士
鲜血转换,鲜血转换
暗影的逆袭,暗影冲击   
那欧土匪,纳沃利谋
碎裂,碎裂
受诅咒的看守人,受诅守侍         
同袍兄弟,兄弟情义
普通蜘蛛,居家蜘蛛
爆破帮菜鸟,爆破队菜鸟
秘术射击,秘术射击
战地厨师,战地厨师
潜行之狼,潜行之狼
杂物堆,乱翻   
巧遇,巧遇
骚灵酒鬼,躁动群灵
先锋瞭望兵,先锋哨卫   
军团掷弹兵,军团掷弹兵
军团擂鼓兵,军团鼓手   
林地瞭望兵,绿野哨卫   
净化,净化
冰谷弓箭手,冰谷弓箭手
双重戒律,苍绯之印
血色贵族,猩红贵族
特菲利安新兵,崔法利追随者
雾魅,幽魂
鬼灵圣物,灵异圣物
野魂秘术师,兽性秘术师
血债血还,以眼还眼
单挑,独斗
呼碰引伴,一团汪噗
咬咬手榴弹！,嚼火者手雷！
八爪梦魇,恐怖蜘魔
那欧劫匪,纳沃利霸
闪钢捍卫者,闪钢防卫者
污水坑地图,地沟区地图
恶趣胃,恶盛宴
灵气守护者,气之守卫   
艾伐洛森哨兵,阿瓦罗萨哨兵
恐惧号水手,震惧号水手
受雇枪手,受雇枪手
更多的火药！,再加火药！！
黄金独角鲸,黄金独角鲸
枪林弹雨,枪林弹雨
无情劫掠者,无情劫掠者
龙爪女侠,神龙之爪
虎啸龙呤,天音波   
帝国炸弹工兵,帝国爆破手   
蛛丝马迹,蛛丝马迹
资深调查组员,资深警探      
尖刺蛤蟆,荆棘蟾蜍
耍猴戏,孬猴为
巨魔战歌,巨魔涌调
拾荒巨魔,拾荒巨魔
古魔头首,古巨魔像
少女巫,小女巫
望穿无垠,永恒之力
害怕的星界象,受惊飞象      
日轮持盾兵,烈阳盾卫   
苍白月瀑,苍白之瀑
引导之触,慈柔之抚
漂泊旅者泰亚历,旅者泰瑞         
月环潜影者,皎月夜影刺
日钢护体,阳佑之力
深宵断魂,无言恐惧
章鱼拳师,拳击章鱼
蟾蜍算命师,算命蟾蜍   
迎敌之息,勇迎敌阵
蛋头学者,龙理论家
龙卫中尉,龙卫副官
锐目,锐目
调皮星孩,调皮星童
符文编铸者,符文织匠   
破刃剑柄,断刃剑柄
弹道机器人,弹道机器人
反复改良,迭代改良
精密杰作,精研之作
天影鱼座,翔鱼      
名誉领主,荣耀领主
先祖恩泽,先祖恩泽
新进时空术士,雄心时空师   
幸运日,收获日
跃岩者,石跃者
冬眠岩熊,冬眠岩熊
庖丁解牛,冷酷捕猎
觉醒沙团,唤醒黄沙
褪色死神,消逝蛙灵
假面之母,面具灵母
暗影岛之歌,群岛魂曲   
一搭一唱,引带跟随
落石小径,落石之径
远古魔像,苍蓝魔像
日隼,日隼
奇里安污水坑工人,地沟区铃鼠工      
发条管理员,发条监护   
时光之瓶,瓶中时光
预言家,预言家
红鳍槌鼻怪,红鳍锤头鱼
钳嘴鱼群,钳嘴鱼群
排排站,排好   
战场晋升,战场晋升
时光枢纽,时间卷器
时间戏法,时间巧计
轰炸狒狒,爆破狒狒
煞群呼唤,召集兽群
赦罪之枪,开恩出膛
百足蛇龙,匍行蛇龙
玩石约德尔人,堆石匠         
调皮触手,调皮触手
暗灯泡随侍,暗能球侍僧
邪恶助长者,扭曲作暗者
蘑菇小狗,芙菇小狗
戳戳棍,戳戳棒
班德尔突击兵,班德尔突击兵
爆力搭档,爆弹双子
约德尔铁匠,约德尔铁匠
潮落,潮落
阴郁医师,墓地医师
阵亡骑兵,阵亡骑兵
卧底探员,放蛇警员
埋伏突袭,伏击      
毁灭侍者,毁灭侍僧
斐罗仕金主,菲罗斯金主
旋风战士,龙卷战士
尖嗓明星鼠,唧机鼠      
咕噜虫,咕哝蛞
约德尔探险家,约德尔探险家
法师小兵,小兵      
修理鼠,修机鼠
加速,如风
火焰喷射器,纵火盛宴   
倾城,魅惑
小蜥蜴,幼蜥蜴
图书馆助理,图书馆助理
神速卷轴,活灵笔豪
爆破毬果幼苗,爆裂球果苗   
杜兰德雕刻家,杜朗雕刻家   
灵狐漫游者,灵狐漫游者
灵骨占术师,麋鹿骨占师
海象牙语者,海象牙语者
佛晓申言者,黎明祈士   
不死战魂,不朽不灭
群岩导师,岩石明师
残恶码头,屠宰码头
瞌睡仙崔佛,睡仙崔佛   
伟大广场,宏伟广场
战痕之地,疤痕领地
希安那修道院,希拉娜修道院
星幕圣显,星光乍现
扭曲丛林,扭曲丛林
班德尔城市长,班德尔城市长
逆势而行,逆势而上
组织动员,动员      
天择刎颈杀,无情打击   
魅影捣蛋鬼,魅影调皮鬼
冰霜尖牙巨狼,霜牙巨狼      
死亡印记,追猎印记
幽铁宣令官,钢铁先驱   
发狂疾行蛛,狂暴爬蛛   
洞察力,远谋   
新鲜献祭,新鲜祭品
组合机器人,组装机器人
裂灵术,魂分裂
精神抖擞,振作起来
预备击剑,持剑预备
先锋中士,先锋士官
狂躁！,狂欢！
光之哨兵赛娜,光明哨兵赛娜
急速冰冻,闪冻      
人鱼术士,牧河人   
独身修女,独行僧侣
诺克萨斯断头台,诺克萨斯断头台
肖狗水手,舰船中士
拉霸机器人,老虎机器人
深渊之引诱,深渊诱惑   
双倍麻烦,双重麻烦
圣猴神像,猴像      
青囊鱼猎人,琢饵鱼猎人
障眼法,变戏法
纵火女强盗,烬火女郎   
蓄能冲击,强能冲拳
树精保姆,枯林看护
魔法树液,吸元秘术
毛茸茸园丁,毛茸看护   
巨龙蛋,巨龙巢
亮晶晶研究家,星石学者      
月环女祭司,皎月女祭司
静寂嘘鸣,肃静      
新月守护者,新月守卫   
日轮女祭司,烈阳女祭司
如影随形,潜影双生
暗路难行,未竟之途
掠翼轰击,狂轰猛击
祈愿,祈愿
轰隆战舰,轰鸣爆艇
生化喵,生化猫
海克斯核心铸造厂,海克斯核心铸造厂
大胃王,暴食   
浩劫降临,天崩地裂
模仿,重施
异形研究者,异形研究者
碎裂地表,撒石阵   
忠贞议会,虔诚议会
砂漠禁军,沙兵现身
蜿蜒长域,蜿蜒长阶
务实完美主义者,完美主义实干者
小白牛厄努克,志愿厄努克   
钢钩射击,钩爪射击
浮夸骑士,自大骑士
惊涛骇浪,洪波涌起
警局档案专员,警局档案员   
魔导祭典,奥术仪式
无尽虔徒,无尽信徒
明日锻造场,未来锻造厂
海克斯科技搬运机,海克斯科技助手机
淘气海贼鼠,海盗顽宝   
闪电冲击,奥义雷铠
神之柳树幼苗,帝柳幼苗      
携手同行,携手共进
负伤白焰龙,负伤苍炎龙
蓝色小鬼火,闪光浮灯灵
拿可塔酋长,纳柯塔酋长
妖精援助,精灵援助
帽子蘑菇,环帽蘑菇
战争罡风,战争罡风
杜兰德建筑师,杜朗建筑师   
杜兰德之盾,杜朗护盾   
电光游行花车,电动彩车      
血色都察,猩红馆长
蘑菇小贩,芙菇小贩
林地长老,绿野长老
艾伐洛森神射手,阿瓦罗萨神射手
战痕组长史特芬,疤痕领主斯特芬
蜘蛛哨兵,蛛怪哨兵
咒能高涨,咒能高涨
药剂桶供应商,旧桶贩子      
污水坑疏浚机器人,地沟区疏浚机      
忧伤抄写员,悲伤书吏   
罗伦特家族决斗家,劳伦特决斗家      
军团流寇,军团乱兵
鳞甲四不像,鳞甲噬怪   
暗影刺客,暗影伏者
金吓破坏机器人,黄金榨机         
灵魂黑矛,黑暗之矛
罗伦特家族门徒,劳伦特门徒      
天降大任,薪尽火传
回转死神,冷血追命
玄妙石阵,秘言之石
亲切的小酒馆老板,和蔼的旅店老板   
魄罗点心,魄罗点心
暗雾呼唤,迷雾之召
棱光障壁,曲光屏障
艾伐洛森捕兽人,阿瓦罗萨捕兽手
翡翠觉醒者,翡翠觉醒者
大力魄罗,魁梧魄罗
灵光电火球,灵光一闪   
悬浮飞板初学者,业余航空家      
特菲利安莽夫,崔法利莽汉   
黑潮灾厄,黑水之祸
实力至上,武力      
荒诞传说,天方夜谭
先锋赎士,先锋赎使
移形换影,移形换影
猎魔检察员,驱法调查官
泡泡熊,气泡熊
盗品,盗窃
秘密王牌,袋中王牌
忠心獾熊,忠实獾熊
绿牙守卫,绿齿峰守
龙鳞拳师,神龙之鳞
诺克萨斯狂热,诺克萨斯狂热
幽铁弩炮,钢铁弩炮
灵魂拷问,解脱之触
巡逻员警,巡逻警员
死花漫游者,亡绽漫游灵
野性呼唤,呼唤野性
美味茄妖,可口精灵
星角幼兽,星角幼兽
太阳圣剑,天顶之刃
末日豹,末日兽
贵公子蜥蜴,闲适蜥蜴   
河流飨宴,河沼大餐
分歧之路,适应山路
护泉者,星泉守
焦土作战,焦土政策
星晶蝶,星晶蝶
星回百转,飞星乱入
打磨心志,坚定决心
幽影碎冰,寒冰碎片
搜刮战利,战利品   
玫瑰棘兵,玫瑰之刺
崇高圣显者,尊贵圣职者
大煞侦察兵,塞原斥候   
圣所内殿,圣所内殿
学徒卡西历,学徒卡西里
流沙陷阱,流沙      
织魂者,织魂灵
无情猎手,残酷猎手
煞族唤兽,唤艾克塞
悉心预备,悉心整备
殒落龙卫,破败龙卫
维库拉浪客,维考拉游民
迦玛沃尔士兵,卡马维亚士兵
弹跳炸弹,弹跳炸弹
老巫师,老法师
约德尔新兵,约德尔新兵
竞技场老板,竞技场老大
班德尔画家,班德尔画家
唱虾毁吟游组合,吟游叨逼叨组合
抗压防御,抗压防御
旅行虾族人,旅行虾人   
叛军贵族,贵族叛军
杀戮怒吼,杀手怒吼
内线消息,内幕消息
镇暴射击,和平使者
污水坑毒雾,地沟区毒气
荒行者,荒行者
爆能释放,奥能宣泄
日轮哨兵,烈阳哨兵
布尔鲁哨兵,芭茹哨兵   
震雷之拳,雷霆冲拳
鹿角兔,林地守
记忆鳞甲,记忆之袍
由拉,由拉
烧烤狂人,暴躁狂   
英雄赞歌,英勇旋律
约德尔传送门,约德尔传送门
原始冲撞,痛殴      
杜兰德门徒,杜朗门徒   
罗伦特家族骑士,劳伦特爵士      
军团退将,军团老兵
双刃手席菈扎,利刃释瑞轧   
暗影之刃．忍,影刃之仁      
电击喷鳍鱼,电击蝠鲼   
石峰破片,神峰碎片
巨力捍卫者,阔背卫士   
幽侵狂影,侵蚀鬼影
火药大骚乱,火药暴走   
剑齿兽座,齿虎      
灌铅骰子,灌铅骰子
战地乐手,战地乐师
光明未来,前程似锦
重生者宣使,复生使者   
相消仪式,否认仪式
银翼鹫飞行队,敏翼飞骑团   
血腥夫人,血腥女爵
正义骑士,正义骑警
遗憾典册,遗憾典籍
反魔法英石巨鹿像,禁魔石雄鹿         
古代鳄龙,远古鳄怪
一夫当关,一夫当关
可疑人物,可疑人物
猎魔煽动者,驱法煽动者
先锋掌旗手,先锋旗手   
雪崩,雪崩
人气角斗士,竞技场明星
艾伐洛森骑卫队,阿瓦罗萨游骑   
史提克冲击,斯塔提克电
恶灵领域,幽冥监牢
污水坑拾荒者,地沟区拾荒者
斗转之力,心眼刀   
大善人,杰捐者
罗轮特家族刀剑收藏家,劳伦特持刃者            
武趣工匠,欢乐匠   
冯弈卜教授,冯易普教授
使魅师,唤魂者
均衡引路人,均衡寻道者
抵制,拒绝
血誓之盟,血盟之誓
巨异蜥骑兵,龙蜥骑手   
重量级呼碰,呆傻汪噗   
血色觉醒者,猩红觉醒者
骗术师,神秘师
恶赌徒,傲赌徒
约德尔骗子,约德尔骗徒
调皮小飞,古灵精怪
钢铁怒涛,暗流涌动
岛屿领航员,岛屿领航员
老练游侠,苍鬓游侠
震荡掌,震荡掌
攻城投石机,破城投石机
整装待发,整装待发
新锐调查组员,洞悉警探      
妖灯向导,仙灵向导
健壮松鼠,壮硕松鼠
群峰占术师,神峰占卜师
占星家,星先知
残酷猎手,残暴捕手
快拳流,缭快拳
月隐蔽殿,隐月神庙
失落宝藏,佚失财宝
屏障庇护,黄金圣盾
英勇骑兵,英勇骑兵
蛮荒冰壑,枯萎深谷
流言蜚语,低声密谋
尖啸蜘蛛,尖鸣蜘蛛
主宰仪式,统治仪式
巴凯纺沙者,纺沙巴凯   
沙漠学家,沙漠学家
沙漠之怒,沙漠之怒
大地震颤,大地震颤
传奇魄罗,赫名魄罗
殒落角斗士,破败清算者
瑕疵拉霸机器人,次品交换机器人
维库拉盗库者,维考拉破柜贼
迦玛沃尔巨龙,卡马维亚巨龙
暴躁掷弹兵,暴躁掷弹兵
浮华长袍狂,高跷制袍师
约德尔说教魔人,约德尔老讲师   
恐怖难高音,恐怖男高音
猛男侦察兵,猛男斥候   
岛屿守望者,群岛看守   
火焰修士,余烬僧侣
友情万岁！,贴贴！！！
瞬间转移,换位替身
均衡夺命剑客,均衡生命刃   
冷酷进击,冷酷追击
陋巷酒吧老板,后巷酒保      
先锋首刃军,先锋首刃   
银翼鹫俯击兵,银翼翔兵      
银翼鹫先锋,银翼先锋   
先锋护卫,先锋侍从
艾欧尼亚的意志,艾欧尼亚的意志
厄努克公牛,雄性厄努克
殒落王国编年史家,破败记录者         
灵气庇护,灵魂庇护
碎碎念的比亚,贫嘴布耶戈   
海之霸主,巨鲨强袭
狩猎舰队,狩猎舰队
打捞,打捞
深海巨怪,海底巨兽
北境之怒,北地之怒
狂狼骑士,狼骑兵   
逮到你喽！,抓到你了！
破坏狂巨魔,掠夺巨魔   
幻想曲！,奇思妙想
星护壁垒,坚毅壁垒
白焰卫龙,苍炎卫龙
鬼魅夜袭,雾起魂迷
星之护佑,星之护佑
晶角野山羊,水晶野山羊
归途,庐归
日轮阳锻师,烈阳铸阳僧
射线余波,余震      
恶意印记,恶意魔印
血腥事件,血腥事件
审判之重,审判之重
盐塔,盐塔
冷酷碎骨者,冷酷碎骨者
黄金使者,金光大使
灵蛭,灵蛭
沙术士,塑沙卫
极寒冰噬,屈于臻冰
沿岸守军,海岸卫士
大地龟,地元素
宝物猎人,投机者   
不屈迷雾,距破之舞
玫瑰剑,棘刺刃
天幽狐,星幽狐
绝望,绝望
温柔海葵,巨型海葵
毁灭射击,毁灭射击
失兴旅人,冷漠旅人
深渊卫士,深渊守卫
玛拉族圣母,鲛人圣母   
生死同胞,袍泽之谊
斐罗仕巡航机,菲罗斯巡天船
竞技场叫卖员,竞技场促销员
约德尔队长,约德尔队长
无径古猿,无径先贤
盲眼秘术师,障目秘术师
小翼兽,雏翼兽
彩虹鱼,彩虹鱼
原初力量,原初力量
登山学者,登山学者
灵界之门,灵念通道
魔狼族萨满,暗影狼萨满
艾伐洛森骑卫队,阿瓦罗萨炉卫   
追寻完喵,追求完喵
独行狂战塔卡兹,无族者塔克兹   
神臂加藤,巨腕加藤
潜水喵,载猫器
优胜者杰克,大赢家杰克
群峰旅者,神峰旅者
三雷射爆破炮,三管蓄能炮   
诺萨克拉亚竞技场,诺斯卡里亚角斗场
皮尔托夫大学,皮尔托夫大学
希利亚宝库,海利亚宝库
努力争取,势在必得
别挡路,别挡道
巨神峰之巅,巨神峰之巅
拟态机兵,拟态机体
狂野利爪,蛮野利爪
凛冰仲裁官,凛锐审判官
地底巨兽煞沙雷斯,潜地泰坦艾克刹雷
魄罗雪橇,魄罗雪橇
班德尔神木,班德尔神木
海军上将雪利,海军上将雪利
头号要犯,头号通缉
沙视者,沙预师
沉默风暴莉苏,寂岚律子      
九命,九命
折纸龙,纸工龙
裂地飞龙,山脉亚龙
银翼鹫枪骑兵,敏翼枪兵      
群蛛之主,群蛛之母
致命出击,一锤定音
宝石迅狮,镶石镇兽
密登史多的党羽,米登斯托克党羽
饱受折磨的奇才,饱受折磨的逸才
凶杀怒吼,骇人咆哮
毁灭风暴,大杀四方
战痕少女洗劫者,疤痕之仆魔刃   
化学庞克撕裂乐手,炼金速弹吉他手   
据为己有,控驭      
光辉守护者,光辉守卫   
特菲利安鉴定员,崔法利顾问      
暴走配线员,不稳伏特师
游刹里,玉萨里
幻影赦魔,集魂者   
冰霜獠牙萨满,霜牙萨满      
锐鳞猎人,锐鳞猎人
弹射,弹射
深渊之眼,深渊之眼
深度冥想,禅修冥想
冥河集魄人,沼地集魂者
日光之矛拉冯,日光之矛拉冯
巨神峰的祝福,巨神峰的祝福
旭日晨光,曙光      
梦魇马,暮骑兵
同命,溃碎
生存技巧,生存技巧
穿云座,踏羚   
冰葬,冰葬
暴怒巴凯,狂暴巴凯
虹吸打击,汲魂痛击
古沙陵墓,沙袭陵墓
灵魂之旅,灵魂之旅
替身残影,往昔重影
拉克尔之眼,拉霍拉克眼
珍存园丁,存护园丁
洗劫者船头,强盗街      
殒落狂鲨炮,破败雷克斯
退役角斗士,退役清算者
维库拉壮汉,维考拉巨汉
吸魂黯雾,凋零迷雾
约德尔出征,约德尔全武
贝壳把戏,贝局千术
英勇冲锋,英勇冲锋
尾袍女族长,尾袍女族长
远古好战者,远古战狂   
阵亡角斗士,阵亡清算者
警备小队,警务小队
致命一击,致命一击
远古魔导宣使,巫灵传令使   
黯雾看守者,黑雾看守   
斑点蛤蟆,魔纹蟾蜍
释放兽灵,兽灵喧腾
束缚,拘留
催化魔方,催化神石
军团大将军,军团将军   
特菲利安破盾兵,崔法利摧盾者   
不死之握,不灭之握
瞬步,瞬步
厄努克牛群,厄努克群   
吸星鬼哭,凋零哀嚎
先锋骑兵,先锋骑兵
狡猾踏浪者,矫捷踏浪者
协力打击,协力打击
巨角兽拍档,巨角伙伴   
巨熊族灵魂行者,熊人灵魂行者   
锐啸飞龙,尖啸巨龙
光辉星角兽,华辉星角兽
白月梦舞者,月幻梦影   
混源龙怪,燎岩钢龙
星之诞,铸星   
调皮精灵,调皮灵兽
刺眼月光,月光之灾
狂怒骑士,狂怒骑手
极寒防御,耐寒      
遗迹猎人,遗迹猎人
剑刃之花,繁花之刃
时辰已到,时机已到
扭曲空间,扭曲空间
约德尔怪装置,约德尔装置   
自由巨像,脱逸巨像
自我强化科学家,改造实验师      
杰．梅德拉达,贾尔米达尔达
暗影火光,影火      
决斗,清算
战痕之母芙蕊娜,疤痕之母弗莱娜
攻城槌,攻城锤
骁勇战士希莉亚,骁勇战希思莉亚
蔷薇警长,罗斯警长
深渊吞噬者,深渊吞噬兽
珍妮薇．艾姆哈特,吉纳维芙艾姆哈特
魄罗极光,魄罗极光
奥洛．烁角,烁角奥洛   
首席机械师泽维,首席机械师泽维
音无龙兽,威音圣龙
耀日守护者,炎阳守卫   
月隐者席格纳斯,披月刺客天鹅座
嚎哭深渊,嚎哭深渊
摇摆泡泡鱼,摇摆泡泡鱼
捕猎手艾瑞儿,追猎手阿蕾尔
飞升者崛起,飞升者崛起
碎石巨像,破岩巨像
优等生艾娃,优等生艾娃
约德尔游侠,约德尔游侠
好奇贝壳人,好奇美人贝
潮汐圣使,潮汐圣者
谋略大师可瑞娜,主谋卡银娜      
升抬祭坛,复生祭坛
竞技场机甲转播员,竞技场机甲解说员
千尾赛南,千尾宁然
疑心魔坎芙,困心魔樟婆
严寒狂风,刺骨寒风
黎明与黄昏,朝生暮逝   
海克斯变形仪,海克斯转化机
缅怀先烈,缅怀      
西风圣者,和风贤者
毛茸茸之心,魄罗群之主
牛头怪角斗士,牛头人清算者
饮云飞鲸,饮云飞鲸
倾巢而出,蛛巢苏醒
互相照应,并肩而战
德玛西亚万岁！,为了德玛西亚！
加倍勇猛,勇气倍增
食魂巨魔,噬魂者   
强腕者,绑架   
柑橘快递猩,柑橘快递员
披甲角兽骑兵,披甲象骑兵   
古魔占卜师,古巨魔占师
万丈朝阳,炎阳闪灼
奸诈鱼老大,奸诈大大   
龙卫瞭望兵,龙卫哨卫   
熔解吐息,热熔吐息
回归者卡西历,复归卡西里   
精神领袖,励志元帅
铁血侦察兵,热诚追迹人
煞族陷丘怪,破沙艾克塞
护砂瞬身,流沙移形
殒落飞龙卡卓格林,破败巨龙卡卓革音
冰霜尖牙狼之母,霜牙狼母         
散落鲸群,寥落鲸群
缩小术,变小术
守护者裁决,持卫的裁决
安检员,安检员
伊克斯塔尔哨兵,以绪塔尔哨兵   
电磁脉冲,电能震荡
海克斯科技异常,海克斯科技异常
猛犸象族萨满,猛犸象萨满   
全知希亚拉,全视者海拉
寒霜之裔的传承,寒冰血脉的传承
狂爪狼王,野爪头目
复仇,复仇
无照新发明,未授权发明
龙角力士,神龙之角
魁伟石角鹿,雄伟石角鹿
十字弹射,弹射      
巨怪鱼叉,猎怪鱼叉
神奇秘道,密门通路
双重射击,双发连击
穿透黑暗,黑暗洞灭
生产线,生产线
风吟鸟人,兴风歌鹰
萨满呼唤,萨满之召
精准弹幕,精准弹幕
凛冬吐息,寒冬之息
幼年风行猫兽,风行幼兽      
苍天龙,苍穹龙
赛莲号,塞壬号
沉船囤积者,囤船海蛇   
心灵相遇,心灵融合
神龙摆尾,猛龙摆尾
巨型食人蔓藤,蔓生食人藤   
巨型异蜥血魔,嗜血龙蜥      
嘉文三世国王,嘉文三世国王
血鬃拉兹,拉兹血须
空砂防壁,禁军之墙
守衡圣树,圣洁守护
轰鸣虫群,嗡鸣虫群
九头蔓侵袭,侵袭多头藤
荒凉奴役,荒芜奴役
亚布斯．斐罗仕,亚白斯·菲罗斯 
小海兽,小海宝
重生仪式,万象更新
残酷暴行,暴行      
寒地雪怪,寒冰雪人
兽群心性,族群意识
野蛮角斗士,野蛮清算人
远古雪怪,远古雪人
燃魂人,点烛人
虚厄韧兽,亘古邪兽
追风者．永恩,追风者永恩   
圆滑独奏家,妙手独奏家
逊枪手,废铁射
复生咆哮,活力咆哮
阴蚀巨龙,日食巨龙
灵魂烈焰,灵魂烈焰
回旋之刃,回旋之刃
幻影魔鹰,虚灵邪鹫
护剑化形,先锋之刃
时光倒流,时光倒流
驯鲨师,鲨训师
炼狱炸弹,地狱火炮
潜行龙母,育母伏龙
飙悍茄妖,狂怒精灵
黎明之影,暗影燎原
塔蒂雅娜．皇冠守卫,蒂亚娜·冕卫          
审判,审判
法隆上尉,法荣队长
进步日！,进化日！
幽魂女戒护官,幽灵主母      
割魂手喇煞,破灭者瑞煞
恐惧号,震惧号
怒涛狂鲨炮,激流雷克斯
不屈灵魂,刚毅精魄
角兽劫掠者,角牙劫掠号
海王号,利维坦
鬼船怪物,潮中骇兽
哀兵必胜,前赴后继
地裂冰川,冰崩      
无垠歧心龙,摧心恒龙   
全力以赴,全力以赴
天命选召,天降大任
圣所监管员,圣所监守   
钢铁终曲辛妮亚,渐强钢刃辛妮娅
钟楼守护者,时钟指针   
青囊鱼,琢珥鱼
雪怪守护者,凶恶守卫   
军火库管理员,军火库管理员
镜法大师,镜像法师
失丧亡魂,丧心亡魂
黛丝和艾达,黛丝和艾达
森林之子,森林之子
弗雷尔卓德之怒,弗雷尔卓德之怒
战斗狂怒,战斗狂怒
增援部队,增援      
远古巨魔乌孜珈,古巨魔乌兹噶   
鲁姆尔爷爷,鲁穆爷爷   
沉没代价,沉没成本
艾莉卡上尉,艾瑞卡队长
虚厄凝兽,驱扫盱兽
敏锐谋略家,敏锐策士   
班德尔炮手部队,班德尔炮手队   
古魔之声,古巨魔声
人多势众,人多势众
亡者武器,亡者兵器
闪钢阵型,闪钢兵阵
可瑞娜．瓦拉撒,卡银娜·薇蕊泽 
莱卓斯指挥官,莱卓斯指挥官
哈洛威,蚀魂夜
迅腿米娜,迅足米纳
殒落王者的诅咒,破败之咒         
炼焰飞龙卡卓格林,炼狱巨龙卡卓革音
寒冰灭顶,坚冰埋骨
巨鹫像戈里斯,鹫巨像戈里斯
虚厄游兽,哀难行兽
孤注一掷,一意孤行
凛峰仲裁者,巅峰仲裁者
云霄战士希莉亚,云女爵希思莉亚
灭世者亚塔坎,毁灭者安塔坎
荣光进化,光荣进化
凿魂怪,河蟹精
广场守护者,广场守卫   
珍贵垃圾,珍贵垃圾
战争之母的呼唤,战母的召唤      
猛烈攻势,激素上头
砂褐奇美拉,砂岩奇美拉
天界殒落,星落九天
冰川风暴,冰川风暴
旷世巨作,巨作      
麻痹嚙咬,麻痹蚀咬
暗中破坏,暗中破坏
维妙维肖,伪装      
子夜收割,冥夜收割
贸然研究,激进实验
蓄意破坏,破坏      
血色契约,血色契约
震撼双击,蹒跚打击
塔卡兹之怒,塔克兹之怒
终极闪光,终极闪光
虚厄光景,哀难劫临
MK0：发条粉碎机,MK0：手摇切割机
莱卓斯之刃,莱卓斯之刃
飞天三连踢,升龙击      
剧毒蘑菇,毒泡芙菇
魔音穿脑,金属独奏
正中红心,正中靶心
回旋飞斧,旋转飞斧
爱的拍拍,厄运眷顾
弹幕,弹幕
蓝色卡牌,蓝色卡牌
红色卡牌,红色卡牌
金色卡牌,金色卡牌
加农炮幕,火炮弹幕
火药桶,火药桶
火药爆爆,火药连爆
大快朵颐,吞噬      
神枪手,神枪手
火药手雷,火药手雷
鲨帮制裁,与鱼共眠
月之银,月银   
巨蛇座,腾蛇   
日轮圣芒,日炎耀斑
利爪击,凿击   
残酷折磨,折磨      
恶作剧,捣蛋   
物归原主,夺回故土
灭绝射线,焚破射线
破坏射线,熄扫射线
空翔冲击,天降冲锋
永冻坟地,冰封陵墓
巴凯狂暴,巴凯狂暴
复原的烈日巨环,重建的太阳圆盘
君临毁灭,终极毁灭
旋舞飞岩,石穿      
血气方刚,朝气蓬勃
监管员审判,监守审判   
挖到宝,挖到宝
二度死亡,再度死亡
萤火灵,猎物   
利刃冲击,利刃冲击
地动山摇,地动山摇
力量种子,力量之种
炫目徽章,炫目冠徽
电路破坏者,破坏电路   
百年一瞬,弹指百年
狂暴盛宴,狂暴盛宴
星之衡,星对称
午夜突袭,午夜突袭
换换乐,交换机
力量圣物,权能遗宝
哨兵秘宝,哨兵秘宝
赦罪重生,开恩复活
力量泉源,力量之源
哨兵圣盾,哨兵护盾
即刻爆发,一触即发
安检合格！,安检合格！
闪光炸弹陷阱,闪光弹陷阱   
蛊惑之花,旖旎绽放
含苞待炸,易爆开花
斐罗仕的分红,菲罗斯分红   
风暴印记,雷缚之印
强风,劲风
海象牙之舞,海象牙舞   
超威能死亡火箭！,超究极死神飞弹！
废料河蟹,废料河蟹
雀跃魄罗,欢快魄罗
暴怒雪怪,暴怒雪人
小蜘蛛,小蜘蛛
获释的灵魂,脱缰之魂   
雪兔,雪兔
猫劫降临,灾变猫甲
MK1：扳手机器人,MK1：扳手机器人
蛋妮维亚,蛋尼维亚
火药猴,火药猴
震惊百里,回音击   
打道回府,回击      
小树苗,树苗   
帅啊小皮！,帮忙皮克斯
小松鼠,松鼠   
寂静星河,星体结界
暮花之尘,夕花落尘
战牛座,奔牛   
灵力宝石,宝石      
泉之礼赞,星泉赋礼
做好准备,收拾行李
庇护所,庇护   
重刃碎片,厚重刃片
利刃碎片,锐利刃片
放逐之刃,放逐之锋
闪刃碎片,闪光刃片
海克斯核心升级,海克斯核心升级
爆燃,点火
残破战旗,残破战旗
时钟机器,时钟机器
至高魄罗,华贵魄罗
沙砾士兵,黄沙士兵
剑刃,刀刃
终结之息,送终之风
起源之浪,创生之浪
排排炸,炸倒   
冰霜尖牙狼群,霜牙狼群      
军阀府邸,军阀宫殿
军阀秘宝,军阀宝库
幽侵黯雾,侵蚀迷雾
短齿鲨,短牙鲨
土制炸弹,土制炸弹
小小矛,小矛矛
小小盾,小盾盾
饥饿猫耳鸮,饥饿猫头鹰
恶搞,戏弄
复原虔徒,复生信徒
尊贵华棺,石棺      
坚韧之戒律,苍翠之印   
水晶箭,水晶箭
MK2：进化炮台,MK2：进化炮台
蜘蛛女王伊莉丝,蜘蛛女皇伊莉丝
出柙邪灵,出柙邪灵
幽魂骑士,幽魂骑兵
那欧窃匪,纳沃利民
力量之戒律,绯红之印   
威洛,华洛
龙之庇护,神龙护体
幼龙,幼龙
灵犬座,信犬   
月之华,月光   
品味独到,培养品味
模仿,镜花
砂褐冲锋者,冲阵砂岩   
凝滞雕像,凝滞雕像
神皇卫队,御前侍卫
神皇盛世,沙皇之治
无暇重刃,比翼双刃
智慧的余烬,洞察之冠   
势不可挡,势不可挡
污水坑暴徒,地沟铃鼠群
定时炸弹,定时炸弹
海克斯水晶,海克斯水晶
赦罪再临,开恩回荡
跳跃水柱,冲击之潮
浪起,潮起
重生骑兵,复生骑兵
跳跳和霹雳,跃击门神号
怒角羊冲撞机,怒角冲车      
水晶防御机甲,晶球机甲      
熔岩蜥蜴,熔蜥蜴   
威洛魔,殇鄂   
无畏先锋,无畏先锋
疾风残影,影分身   
龙尾武术家,神龙之尾   
破壳龙蛋,孵化的蛋
裂壳龙蛋,粉碎的蛋
月牙冲击,新月挥击
狡猾鼬座,黠獭      
梦中小鬼,呢喃精灵
探索之路,沿途发现
毁灭之路,沿途摧毁
飞沙虔相,闪沙蜃影
计时开始,时空断裂
迷你海兽,迷你海宝
排山倒海,怒涛卷霜
滔天巨浪,浊浪排空
重生角斗士,复生清算者
黑暗,黑暗
锻造场工人,锻造厂工人
粉碎震雷玛沙,破霆胜仁      
冲冲和撞撞,横冲直撞号
海派螺旋炮,加特林海甲
四形之唤,切换姿态
狂爪狼形意,野爪姿态   
巨熊形意,巨熊姿态
野猪形意,野猪姿态
公羊形意,公羊姿态
MK3：究极炮台,MK3：高精炮台
MK4：风暴吊球机,MK4：暴雷抛投手
巨齿鲨,长牙鲨
繁星密语,写入星辰
旅人座,旅者   
沙崩土解,沙崩岩解
汪洋死域,涌泉之恨
时空拦截,时光交错
大制裁者 维迦,大都督 维迦   
累赘难低音,累赘男低音
双刃亡灵,双刃亡魂
暗影科技行者,影科行者      
冯机甲教授,冯教授号   
恐怖翼兽,骇翼兽   
狂暴纳尔,巨型纳尔
最佳麻吉,物理贴贴
最佳死党,魔法贴贴
魔狼族怒灵,暗影狼怒灵
MK5：火箭轰爆枪,MK5：火箭发射台
速成完喵,加速追击
沉船宝藏,无主珍宝
龙骨破坏者,龙骨粉碎炮
凯龙蛋,甲龙卵
凶恶凯龙,暴烈甲龙
风暴之爪巨熊,雷爪熊人      
流星雨,陨石雨
战神座,战士   
暴躁岩熊,暴躁岩熊
将军王府,将军府   
黄沙先使,金光令使
号角手,小号机
雷雨云,暴风云
跳沙机甲,跃沙机甲
限界守护者,界限守卫   
巨型啾吉,庞巨魔蛙
MK6：破地螺旋钻,MK6：钻地机器人
非法怪装置,禁用道具   
魄罗成群,魄罗群   
彗星坠击,彗星      
金阳姊妹座,金日灵      
银月姊妹座,银月灵      
中子加速装置,加速之门      
小小挖掘机,小挖掘机   
撼地狂人,撼地拳甲
猛犸象族怒灵,猛犸象怒灵   
MK7：装甲重踏兽,MK7：装甲剁地炮
魔犀座,灭犀   
宇宙星启,宇宙启示
永恒格斗士,不朽斗士   
塞恩归来,复生赛恩
无缚者达米因,解封的达米因
超大海兽,巨型海宝
机械暴龙,机械霸王
通天冰柱,寒冰之柱
宇宙辐爆,宇宙射线
不死鸟座,火凤      
寒冰护卫的奴魔,霜卫奴仆         
彼界龙座,尊龙      
超新星,超新星
沙漠风暴,沙暴      
灾厄座,灾祸   
降世神话,显圣      
飞升者之令,飞升诏令   
守望者,监视者
锐雯,锐雯
神皇牌,御用牌
菁英,精锐
雪怪,雪人
血怒,怒火
妖精,精灵
机械,科技
月之武器,皎月武器
冻伤,寒袭
魔力,法力
慢速,延时
疾速,骤发
夜临,入夜
先遣,侦查
效忠,同袍
重压,搏命
飞逝,易逝
主堡,水晶
弱势,易损
光盾,屏障
调节,协调
祈望,祈求
名望,威名
洗劫,掠夺
法盾,咒盾
附着,附身
隐秘,灵巧
开悟,启明
再生,复苏
出牌,打出
备战,鼓舞
遗愿,绝念
魔耗,消耗
守护精灵,宠物      
新的牌组,新的牌组
导入牌组,导入牌组
移除卡牌,移除卡牌
重随,重随
移除卡牌,移除卡牌
暴走萝莉,暴走萝莉
皮城警备,皮城警备
时间刺客,时间刺客
皮尔托夫执法者,皮城女警         
未来守护者,未来守护者
九尾妖狐,九尾妖狐
狂暴之心,狂暴之心
迅捷斥候,迅捷斥候
赏金猎人,赏金猎人
唤潮鲛姬,唤潮鲛姬
血港开膛手,血港鬼影   
河流之王,河流之王
卡牌大师,卡牌大师
刀锋舞者,刀锋舞者
盲眼武僧,盲僧      
精灵魔法使,仙灵女巫   
放逐之刃,放逐之刃
影流之主,影流之主
迷失之牙,迷失之牙
魔法猫咪,魔法猫咪
机械先驱,机械先驱
Z-驱动原型,Z-驱动原型
遗失章节,遗失章节
女妖面纱,女妖面纱
好战者铠甲,狂徒铠甲   
无双剑姬之剑,无双剑姬之剑
巨魔之王的重槌,巨魔之王的重槌
恐惧号追击炮,震惧号舰炮   
永寒之霜,永霜      
贪欲九头蛇,贪欲九头蛇
狂暴利刃,岚切      
众星之子的法杖,众星之子的法杖
大天使之杖,大天使之杖
守护天使,守护天使
掘墓者之铲,掘墓者之铲
灾厄匿所,灾厄匿所
狂战士的带扣,狂战士的带扣
皇冠守卫遗产,冕卫的传承   
卢登激荡,卢登激荡
紫雨林之拳,紫雨林之拳
统帅反将一军,统帅反将一军
考尔菲德的战锤,考尔菲德的战锤
诡术妖姬饰冠,诡术妖姬饰冠
赏金猎人的名望,赏金猎人的名望
远见改造,远见改造
先知透视镜,神谕透镜   
日轮的加冕,烈阳之匣   
净蚀之槌,净蚀      
游击军刀,游击军刀
斯特拉克护手,斯特拉克护手
晶体护腕,晶体护腕
锯齿短匕,锯齿短匕
击杀,消灭
屠杀,击杀
炽灼魔器,炽热香炉
巫魔药剂,巫术合剂
精通合剂,技能合剂
地区,区域
略过,让过
游玩,开始
盘面,牌桌
探底,深潜
造型,皮肤
棱闪,虹彩
对手阶段,对手行动
我方行动,已方行动
格挡,阻挡
成功生成此牌,生成此牌      
复原烈日巨环,重建太阳圆盘
烈日巨环,太阳圆盘
倒数,倒计
快转,推进
介面,界面
影像,画面
整体音量,全局音量
对白音量,对话音量
闲置游戏时静音,后台时静音      
龙麟拳师,神龙之鳞
尚未拥有,未拥有   
显示未拥有卡牌,显示未拥有      
搜寻,搜索
瞌睡仙崔佛,睡仙崔佛   
暴走重炮,暴走萝莉
放逐浪人,疾风剑豪
铁腕特警,皮城警备
时空少年,时间刺客
明日守护者,未来守护者
海潮之音,唤潮鲛姬
河中巨怪,河流之王
舞剑灵使,刀锋舞者
影忍至尊,影流之主
失落之子,迷失之牙
魔法灵猫,魔法猫咪
深渊巨人,深海泰坦
机械使徒,机械先驱
力量值,攻击力
选单,菜单
缺货中,售完   
灵气生效,光环生效
太惨了！,悲惨！   
你阵亡了,不幸阵亡
但你又获得了一次机会。爬起来继续战斗吧！,但是你不会轻言放弃，却会愈挫愈勇！         
额外攻击,免费攻击
发动,发起
未阵亡,并存活
重炮难低音,累赘男低音
虎啸龙吟,天音波   
贤者古币,上古钱币
寒冰霸拳,冰脉护手
鹰眼晶球,远见改造
禁忌之像,禁忌雕像
塞恩,赛恩
牌局,游戏
预言,预测
中子如风装置,加速之门      
特性,词条
如风,加速
侍从,随从
巨石盾甲,神峰之擎
时钟机器人,时钟小机器
控制,窃取
发动,触发
抢先,先于
希瓦娜 圣龙型态,魔龙希瓦娜       
流浪者勋章,游牧民印章
考尔菲德的战槌,考尔菲德的战锤
小树精,树苗   
班点蛤蟆,魔纹蟾蜍
小树精,树苗   
主打,精选
仇敌,敌人
流浪者勋章,游牧民印章
考尔菲德的战槌,考尔菲德的战锤
炽灼魔器,炽热香炉
巫魔药剂,巫术合剂
精通合剂,技能合剂
汹涌浪涛,浪潮涌动
巨神峰之唤,神峰之召   
飞升帝国,飞升帝国
班德尔森之外,世外班森      
克劳菲尔德的希莉亚,云丛的希思莉亚      
华洛魔,殇鄂   
残勾团屠夫,铁钩帮屠夫
远古计画,远古整备
瑞文,锐雯
施放此牌,打出此牌
魔法药水,法力药水
魄罗点心,魄罗佳肴
精灵石,精魄石
军队长剑,游击军刀
吸血鬼权杖,吸血鬼节杖
狩猎者弯刀,猎人宽刃刀
汇入牌组,导入牌组
全新牌组,新建牌组
检视插图,查看原画
插图,原画
赋予,给予
原型驱动-Z,Z-驱动原型
失落之章,遗失章节
孤高剑客之刃,无双剑姬之剑
巨魔王粉碎打击,巨魔之王的重槌
震惧号追击炮,震惧号舰炮   
狂怒九头蛇,贪欲九头蛇
众星之子权杖,众星之子法杖
灾厄宝藏,灾厄匿所
皇冠守卫遗产,冕卫的传承   
卢登骤雨,卢登激荡
约瑞姆之拳,紫雨林之拳
总帅反将一军,统领反将一军
考尔菲德的战槌,考尔菲德的战锤
诈欺师的纹章,诡术妖姬饰冠
赏金猎人的声誉,赏金猎人的名望
军队长剑,游击军刀
史特拉克手套,斯特拉克护手
水晶护腕,晶体护腕
残暴之力,锯齿短匕
巫魔药剂,巫术合剂
精通合剂,技能合剂
特菲利安之力,崔法利之力   
迎宾礼,见面礼
血色督察,猩红馆长
血色单位,猩红单位
赦罪复生,开恩复活
鲜血与汗水,胆汁和鲜血
厄运/蜘蛛,灭亡/蜘蛛
法术/诡秘,法术/潜行
增益/刚强,增益/坚毅
结冻与腐化,冻结/削弱  
太阳与狂风,烈日罡风   
治疗与护盾,治疗护盾   
侦查与海盗,侦察骗徒   
法师与技师,法技双修   
独斗,决斗
雷缚之印,雷缚印记
重抽,重随
剔除卡牌,移除卡牌
雄霸天下,一统天下
英雄主张,鸿鹄之志
兵刃相交,全力抵抗
积分猎人,得分者   
奇迹时刻,辉煌时刻
给我过来,勾住他们
支援火力,友善之火
连綿法术,法术连绵
强取豪夺,抢劫掠夺
附魔大师,法力大师
抓到你了！,打中啦！！
面对暗影,对抗暗影
踏入战场！,开战！！   
慢慢来，别急,不慌不忙      
碾压破城,野蛮战力
连续开火,速击      
废除者,捣毁者
侦察他们的位置,侦察敌情         
纵身一跃,跳进水里
简单猎物,轻松锁定
逝者如斯,生命短暂
有什么遗言吗？,还有什么遗言吗
艾伐洛森,阿瓦罗萨
战痕族长史特芬,疤痕领主斯特芬
战痕,疤痕
守望之眼,监视之眼
阵亡,死去
死去骑兵,阵亡骑兵
死去清算者,阵亡清算者
生热光束,守恒射线
爆破毬果幼苗,爆裂球果苗   
夺取,抢夺
刺骨串叉,透骨尖钉
使尽全力,竭尽所能
森之殇,悼林精
月环唤幕者,皎月薄暮使
挖到宝,运显现
劳伦特清算家,劳伦特决斗家
惊滔骇浪,洪波涌起
瞌睡仙崔弗,睡仙崔佛   
佛晓申言者,黎明祈士   
冰霜尖牙狼,霜牙巨狼   
黯雾呼唤,迷雾之召
蜿蜒长城,蜿蜒长阶
骗术师,秘法师
罗伦特家族刀剑收藏家,劳伦特持刃者            
双刃手席拉扎,利刃释瑞轧   
不屈秘舞,距破之舞
瑕疵老虎机器人,次品交换机器人
约德尔全武,约德尔武装
凶煞怒吼,骇人咆哮
骁勇战希思莉亚,骁勇者希思莉亚
捕猎手艾瑞儿,追猎手阿蕾尔
奸巧鱼老大,奸诈大大   
复生咆哮,活力咆哮
巨异蜥血魔,嗜血龙蜥   
心灵相通,心灵融合
形意,姿态
已激活,已启用
区域,地区
开局手牌,起始手牌
我方,己方
野性大发,野性感官
弹射利刃,弹跳刃片
皮尔托夫执法者,皮城女警         
咆哮深渊,嚎哭深渊
清算开始,决斗开始
与其残影,与其分身
羽追踪者,舰羽踪者
鹫巨像戈里斯,狮鹫像戈里斯
沙漠决斗,荒漠对决
火箭乱发,火箭齐射
亚白斯   菲罗斯,亚白斯·菲罗斯 
冻结与削弱,冻结/削弱  
光明哨兵 凶牙利,哨兵光牙鲨       
盖伦 力量,盖伦之力 
金克丝    骚乱,金克丝之乱    
李青 易筋洗髓,李青的铁布衫 
班德尔炮手队   （电脑）,班德尔炮手队（电脑）   
捣蛋   与骚乱,捣蛋与骚乱   
奈落炎 暗牙鲨,奈落炎 火牙鲨
暗影岛印记,群岛印记   
一把宝箱用力抬起来，就有金币洒落地上。先捡先赢喽……,"挖这船长大喊,船员挖着冒汗,挖出一个宝箱,内有宝藏千万。"
是回身      ,是走为上策
调换,交换
大自然的报复,自然之怒      
科技使徒,机械先驱
不幸死去,不幸阵亡
神峰之擎,巨神峰擎
月环唤幕者,皎月薄暮者
爆破球果幼苗,爆裂球果苗   
考菲尔德的战槌,考尔菲德的战锤
狡鼬座,黠獭   
科技霸王,机械霸王
有东西阻挡了你的去路……,去路受阻……                  
遭遇战已完成！,化解遭遇         
皮尔托福执法者,皮城女警         
沙漠清算,荒漠对决
皮尔托福,皮尔托夫
汹涌怒涛,浪潮涌动
关联卡牌,相关卡牌
变取,切换
剔除,移除
积分对战,排位模式
基础战阵,基础系列
持有现状,库存      
符文大地传说,符文之地传奇
符文大地,符文之地
离开,不在
全萤幕模式,全屏模式   
色盲友善模式（测试版）,色盲模式（测试）         
清除筛选条件,清除筛选      
屏障庇护,黄金圣盾
拂晓申言者,黎明祈士   
神灵行者,兽灵行者
御国巨像,正义巨像
卡牌种类,卡牌类型
特殊类型,特殊类别
治愈,治疗
飞沙虚相,闪沙蜃影
跳跳与霹雳,跃击门神号
冲冲与撞撞,横冲直撞号
海派螺旋号,加特林鱼甲
无双剑姬之剑,无双剑姬刺剑
赢下游戏,立刻获胜
英雄专精,专精英雄
打中啦！！,抓到你了！
废料河蟹,废料迅蟹
河蟹精,迅蟹精
窃取狂,群控者
无际限制,广袤无垠
真正的创新,真正发明   
死忠支持者,死忠         
拖曳,拖动
电游骑兵,电玩游侠
彩虹小马,电玩战魂
电玩变形兽,电玩金刚   
战斗魔王,战斗头目
终界魔王,最终头目
文明末日,灭世魔神
圣诞壮公公,圣诞老人   
战争学院,战斗学院
殒落魂启者,破败军团   
殒落处刑者,破败军团   
殒落龙裔,破败军团
无缚之炼,破败解封
光之哨兵,光明哨兵
杀漠鬼影,怨之砂   
盗墓狂沙,时之砂   
泳池狂欢,泳池派对
宇宙风行者,疾风星神   
宇宙浪游,放逐星神
幽冥煞星,暗星      
虚空穿梭者,虚空遁地兽
破刃放逐者,放逐之刃   
侠盗哨兵,影哨      
殒落王者,破败之王
灵花祭,绽灵节
恕瑞玛砂皇,沙漠皇帝   
幻石碎片,熔岩巨兽
约德尔炮手,麦林炮手   
圣槌守护者,圣锤之毅   
赎魂圣枪,涤魂圣枪
沙漠屠夫,荒漠屠夫
岩石编织者,岩雀         
强大的岩雀         ,强大的岩石编织者
线上,在线
列队中,队列中
残暴捕手,残酷捕手
第一战,初试刀
最佳防守,最佳防御
循环往复,你来我往
光暗交织,光影交织
新手和老手,新手和高手
致命行动,当机立断
概要,概况
赤焰飞龙,炼狱亚龙
殒落绅士巨异蜥,破败绅士龙蜥   
贝利,冰宝
银翼鹫,银翼   
冯弈卜,冯易普
巨异蜥,龙蜥   
星宙犬,信犬   
小星翅,星虫   
小啾吉,小魔蛙
圣节凶牙利,节日花牙鲨
凶牙利,暗牙鲨
爱丽,艾丽
殒落,破败
蓝色士兵,蓝色小兵
最终舞台,最后一战
安啦,没事
电子冰鸟,风暴战机
暗黑冰鸟,黑暗战机
方块像素,体素      
赫克特,赫卡特
风狐,廓狐
四不像教授,噬怪教授   
秀逗魄罗,迷月魄罗
幽冥黑龙,暗星亚龙
幽夜啾吉,夜影魔蛙
天后灵狐,女王灵狐
太空天才,天才星神
海克斯科技飞龙,海克斯科技亚龙
海克斯科技士兵,海克斯科技小兵
迪朗达尔,杜朗德尔
斥候之光,斥候荣耀
受折磨的灵魂（电脑）,折磨之灵（电脑）      
剑盾合一（电脑）,剑与盾（电脑）   
永恒冻土（电脑）,永冻土（电脑）   
血腥掠夺者,猩红收割者
蘑菇如潮,蘑菇轰天
骇人实验,恐怖实验
钢铁闪现,刀光一闪
蒂诺,德诺
弗爱,弗艾
极地暖身（电脑）,取暖（电脑）      
狂乱蛛群（电脑）,蛛群（电脑）      
暗影利刃（电脑）,影与刃（电脑）   
全场焦点,好戏开场
保持死亡,亡者安息
远古智慧,上古智慧
前线突击,前线强攻
灵巧连击,均衡守侍
诺克萨斯之力（电脑）,崔法利入侵（电脑）   
魄罗机器人（电脑）,机器魄罗（电脑）   
有打又有拿（电脑）,连打带抢（电脑）   
超爆力小火药桶（电脑）,劲爆火药（电脑）         
侦查冲锋,侦察先行
深渊恐惧,深渊惊惧
先人一步,先抽为敬
施法高手,法术达人
冰峰巨魔,冰原巨魔
月色惊惧,惊惧月光
龙之逆袭,龙击长空
晶体刀刃,水晶之刃
盛名与臭名,盛名与恶名
皇家血脉,皇室血脉
沙地占卜,地理学家
深渊屠夫,地下屠夫
远古力量,远古之力
浑搅沙原,翻腾沙漠
皆为,只有
回到登入画面,返回登录屏幕
是否投降？,投降？      
总经验值,经验总值
敌方水晶,对手水晶
幻化,变化
妙手空空,盗窃工具
抵销1个,阻止1个
力量宝座,威权宝座
咆哮深渊,嚎哭深渊
辉煌时刻,重大时刻
突袭攻城,冲垮敌阵
压倒性力量,猛击         
猎魔调查员,驱法调查官
清算家,决斗者
快闪优惠,快抽成交
奕卜是个天才,天才易普      
耐力赛,耐力   
衰弱之击,削弱之击
战场训练,战地训练
魔法轰炸手,法术达人   
拖延攻势,拖住强敌
最好的防御,最好的防守
毅力,勇气
黑市特价,黑市折扣
爆破式进场,爆炸式登场
不能停，不要停,欲罢不能         
身先士卒,一马当先
预测家,预言家
英雄光环,英雄胜利
呼碰,汪噗
适应创号3000,自适应3000型
增添道具,增添物品
遭到沉默,被沉默   
废铁射,废铁击
觉得第一次运气太差吗？买一个重随币，看看能不能抽到更好的选项吧！,担心运气太差吗？赶紧买个重随币，一次刷新一次爽，一直刷新一直爽！
海底秘宝,沉底宝藏
齐心协力,友爱互助
坚韧不拔,亘古长存
深海骚乱,自找麻烦
超出回合上限,超出回合限制
增益词条,战斗词条
加班作业,加班加点
凌驾肉体,超越肉身
斐罗仕,菲罗斯
明日,未来
进步日,进化日
化学伯爵,炼金男爵
首席科技师泽维,首席机械师泽维
让你背后虫匍临身,让你背后寒毛直竖
虹彩风格,虹彩样式
配对中,匹配中
对战战败,失败      
战败,失败
列队等待对手中,队列等待对手中
个性：讨喜,个性：爽朗
喜欢的人：你,喜爱：你      
符文之地各处都能见到魄罗的踪影，但它们多数只想伴你左右。,魄罗遍布符文之地，但它们最想陪伴在你的身旁。                  
喜爱的事物：就是「爱」,爱好：爱                     
在整个符文之地中，彩虹魄罗的大心和斑斕灿烂的毛色是出了名的一等一。,彩虹魄罗是整个符文之地上最宽容万物、绚丽耀眼的存在。                     
喜爱的事物：跟你一起欢庆周年,喜爱：和你一起周年庆            
个性：闷烧,个性：闷骚
灵花银翼鹫,绽灵节银翼
圣节灵狐,节日灵狐
阳光冰宝,小光宝   
科技炮龙,鞭炮龙   
冬庆翁帕,冰雪翁帕
木精星角兽,老林星角兽
叛逆小猴,叛逆猴   
宇宙机械霸王,组构星神霸王
潮流星角兽,潮星角兽   
个性：友善亲切,个性：友善      
嗜好：当第一,爱好：争先   
只有破晓前仍在赶路的途人能发现迷月魄罗。,黎明之前出发的人才有机会发现迷月魄罗。   
地狱火,奈落炎
指攻击力最低的单位。若出现平手状况，则按生命值，接着是消耗值决定。,以攻击力最高的为准，若不相上下则比较生命值，最后比较消耗的法力值。
精通药剂,技能合剂
你也会获得,还会获得   
邪恶计画,邪恶计划
冬庆系列,冰雪合集
破刃残柄,断刃剑柄
破刃重铸,断剑重铸
殒落,破败
残钩团,铁钩帮
席菈扎,释瑞轧
加登,加藤
迦玛沃尔,卡马维亚
平手,平局
系列,合集
若此牌遭到弃置，则反而会被召唤。,当我被弃置，我将被召唤。            
流浪者徽章,游牧民勋章
反而会被抽出,改为抽到手牌
计画,计划
日轮教,烈阳教
月环教,皎月教
到了下一个商店肯定可以派上用场。,在下个商店肯定能派上用场。         
金币宝箱,闪光宝箱
取走宝藏,拿走宝藏
鬼步,疾跑
停滞钟錶,秒表      
「欢迎光临、欢迎光临！你想找什么这里都有。」,“请进请进！你想找什么这里都有。”               
天外巨龙,怒火龙翼
生锈盔甲,生锈之甲
生锈刀剑,生锈之剑
诅咒之石,受诅之石
过期法力药水,过期魔药      
现在，宝藏属于你了。,财宝现在归你了。      
敌我不分,同归于尽
巩固城墙,防御工事
恶鲨火箭,鱼骨头   
剑舞,刀舞
奥术刑警,双城之战
奥术狂女,双城之战
内在野性,体内野兽
幽冥临界,黑暗星界
幽冥之影,暗星之影
增益与刚强,增益与坚毅
冻结/削弱  ,冻结与削弱
负伤友军,受伤友军
负伤或遭到,受伤或已被
负伤单位,受伤单位
负伤敌军,受伤敌军
己方发起5个陷阱,己方触发5个陷阱
己方发起4次以上,己方触发4次以上
发起1个友军,触发1个友军
每发起1次,每触发1次
效果发起2次,效果触发2次
一次发起,同时触发
陷阱发起,陷阱触发
发起敌方牌组,触发敌方牌组
己方发起其他,己方触发其他
己方发起的,己方触发的
手髒,手脏
姊姊,姐姐
目前任务皆已完成,已经完成所有任务
连线,连接
精粹畅玩,精粹牌技
在这里，会出现在平静水面上的只有那预告着灾难的背鳍。,一梭鱼鳍打破了这方平静的水面：大的要来了。               
麻痺嚙咬,麻痹蚀咬
召唤师名称,召唤师名字
传递讯息,传递信息
讯息,消息
召唤师名称,召唤师名字
残酷捕手,残酷猎手
仙灵刀舞者,仙灵剑舞者
三战两胜制对战,三局两胜制      
三战两胜,三局两胜
无瑕重刃,比翼双刃
依照标准规则建立三套牌组，用来上阵比武。,按照标准的规则构建三套牌组，上台比武。   
把表情拖动到这里,把表情拖到这里   
手起刀落,欣喜若狂
哇咧！,哇嗒！
感觉良好,真舒服   
爱爱爱不完,人人得真爱
请君入瓮,给你下套
魄罗同庆,魄罗骄傲
心动不已,爱了      
简单啦,小意思
甘拜下风,打的不错
计算中...,让我算算
捂个脸,捂脸   
心碎,痛贯
卡牌风格,卡牌样式
卡面美术,卡牌原画
特别设计,独特设计
开启自动让过功能,启用自动让过      
正在不在大厅,即将离开大厅
允许好友到我的游戏观战,允许好友观战               
质量,品质
选项,设定
超高,极致
画面解析度,图像分辨率
开启粗鄙言语过濾,开启言语屏蔽      
你封锁的玩家,你的屏蔽玩家
坚盾高举,举盾冲锋
总专精等级,专精总和   
最高牌阶,最高段位
完成的地区进度,地区进度完成度
风格装饰,装饰皮肤
一剑封喉,直刺咽喉
愤怒铁拳,愤怒之拳
拆屋专家,爆破者   
好友离线中,好友刚离线
贴贴！！！,贴贴！      
再加火药！！,再加火药！   
收回手牌,置入手牌
对手水晶,敌方水晶
无条件进位,值向上取整
神臂加藤,巨腕加藤
精粹袋,袋精粹
铠龙蛋,甲龙卵
是否储存变更？,保存改动？      
挑选,选择
大破大立,破土动工
请择一,选一项
互助会,支援队
要完成更多遭遇战才能开放此格。!,化解更多遭遇，从而揭示此格。   !
要回到菜单吗？游戏将储存你的进度。,要返回菜单吗？冒险进度会完全保存。
要提早结束挑战吗？,确定提前结束冒险？
铁牌,黑铁
铜牌,黄铜
银牌,白银
金牌,黄金
白金,铂金
冯奕卜,冯易普
1个战斗中,1个参战中
所有战斗中,所有参战中
法力宝石槽位,空的法力宝石
治疗师回复水晶生命值,医师回复水晶生命值   
治疗师的,治愈者的
你现在可以请治疗师帮你移除卡牌了。%,你现在可以请医师帮你移除卡牌了。   %
治疗师,医师   
伊卡西亚,艾卡西亚
天堂岛,福光岛
杰利科,杰里柯
它在发光耶，你……你觉得这是好兆头吗？&,它在发光哎，你、你觉得这是好兆头吗？   &
复生,复活
在本游戏,本局游戏
再将其复活,然后复活之
复活掷弹兵,复生掷弹兵
复活使者,复生使者
复活祭坛,复生祭坛
复活信徒,复生信徒
复活骑兵,复生骑兵
复活清算者,复生清算者
复活赛恩,复生赛恩
脉冲火焰,未来战士
能力值,属性值
诺克萨斯之力,诺克萨斯之手
光之少女,光辉女郎
海妖祭司,海兽祭祀
炫技大师,戏命师   
漂泊守望者,星界游神   
灿眸歌姬,星籁歌姬
瑟菈纷,萨勒芬
伊罗旖,俄洛伊
起源,出身
莲华之罠,莲花陷阱
华丽谢幕,完美谢幕
二次回弹,二度弹跳
惊骇剧场,隐森剧院
狂舞手雷,曼舞手雷
致命伏笔,致命华彩
巨牙海怪,巨型海象
嗅血猎杀,血染鲨场
护子龙父,卫护龙父
传智者蕾芙娜,博学者列夫娜
奴魔先使,奴仆先兆
狩猎野猪,行猎野猪
震撼演出,震撼表现
创造者,造物师
绝世艺术,绝世技艺
均衡之唤,均衡之召
曲光兽座,曲光兽   
驯化灰背兽,遭俘灰背怪
服从指令,听命行事
袈守里手爪,喀舒利拳套
袈守里,喀舒利
爆音唱片机,嗞声调歌器
重生墓室,新生墓室
哈洛威归来,噬魂夜再现
鲨鼠,码鼠
求问天界,问诸重天
祕密邀请函,谨慎邀约   
时间之砂,时间之沙
林下新生,矮丛生机
海祭,孳触
守望神像,竦意神像
布尔鲁首领,芭茹首领   
回应祈祷,祈祷得应
布尔鲁瞭望兵,芭茹哨卫      
深海之声,海声祭司
鞭笞触手,触手猛击
娜葛卡布尔之眼,卡波洛斯之眼   
娜葛卡布尔,卡波洛斯   
娜葛卡布尔之怒,卡波洛斯之怒   
娜葛卡布尔的触手,卡波洛斯的触手   
班德尔泰爾石,班德尔建言棋
比尔吉沃特泰爾石,比尔吉沃特建言棋
德玛西亚泰爾石,德玛西亚建言棋
艾欧尼亚泰爾石,艾欧尼亚建言棋
巨神峰泰爾石,巨神峰建言棋
诺克萨斯泰爾石,诺克萨斯建言棋
皮尔托夫泰爾石,皮尔托夫建言棋
恕瑞玛泰爾石,恕瑞玛建言棋
暗影岛泰爾石,暗影岛建言棋
祝福,恩泽
编钟,调音
响铃者博德,司铃伯德   
感应蘑菇,近程菇雷
世界之音艾斯莫,世界之息艾斯慕
神祕星炫,神秘漩涡
旅者引領,旅者召唤
守门者马杜利,门卫玛杜礼   
然后发起我方牌组,然后触发我方牌组
发起时，给予场上,触发时，给予场上
宇宙制約,星界束缚
圆滑独奏,妙手独奏
灵龙突袭,幼龙伏击
鬼影陵墓,闹鬼陵墓
枯爪巴凯,糜爪巴凯
战略性执行,战略实施   
天界三连冠,天界三联   
龙栖峰,龙巢峰
模范学生,学生长   
蜘蛛士,蛛术士
肌肉僵直,肌肉僵硬
法魂学徒,法魂学生
魔法蓝焰,魔法余烬
离开场上,已经离场
泰贝尔,提伯斯
瓦解怒焰,碎裂之火
火爆登场,熔屑登场
雷文布鲁学院,鸦华学院      
泰柏克,提伯克
此效果持续到游戏结束,效果直到本局游戏结束
友军单位所获得的增益一直持续到游戏结束,友军单位所获得的增益将直到本局游戏结束
巨魔王的王冠,巨魔之王皇冠
遭到击晕,已被击晕
流星星力学,技能等级   
闪亮亮小鬼,闪亮孩童   
凯莎,卡莎
圣物道具,英雄遗宝
圣物栏位,遗宝栏位
处刑娱乐大师,荣耀行刑官   
骗术师,秘法师
攻击中,正攻击
巨买帕帕罗,杰出帕帕罗
反魔法英石柱,禁魔石柱      
灰暗药房,灰色药房
乖顺龙犬,听话龙犬
巨贾帕帕罗,了得帕帕罗
德玛西亚王都,德玛西亚雄都
雷文布鲁,鸦华      
快打街机,街机      
星力,星级
交换英雄,扮演英雄
漂泊监视者,星界游神   
特警,警官
主力卡牌,焦点单卡
目前能力,拥有能力
魔幻时刻,万众倾倒
圣物,遗宝
灵异遗宝,灵异圣物
的正攻击,正攻击的
"不在""","离开"""
不在场上,已经离场
反魔法英石,禁魔石      
你需要好好休息，快去吧。,好好休息后面还有架要干。
尊爵版,增值版
真霜,臻冰
真霜冰晶连枷,臻冰链枷      
项炼,项链
罗伦特,劳伦特
淘金者,收集者
追踪者短刀,追踪者匕首
监工,工头
席拉扎,释瑞轧
诺克萨斯的总帅。,诺克萨斯统领。   
日日都是进化日,每天都是进化日
凶狠猛敌,强敌      
未有能力,没有能力
樱桃血口,烈焰红唇
监视者的恩泽,游神恩泽      
宇宙制约,星界束缚
最糟能糟到哪里去,能发生什么更糟糕
粉碎震波,透体之劲
抵销,阻止
处刑娱乐大师,荣耀行刑官   
点击采取行动,点击行动      
等待游戏服务器中,等待对局服务器中
植入,种到
恩泽,祝福
牌组最上方,牌组顶上方
加倍,翻倍
她重施了巴德的动作,她模仿了巴德的动作
她也想重施,她也想模仿
旅者引领,旅者召唤
游戏开始,对局开始
然后发起,然后触发
荣誉合集,名誉合集
疾跑,疾步
区块标题,章节标题
弹震症,贝壳击
拉克丝安娜,拉克丝珊娜
塔蒂雅娜,蒂亚娜   
皇冠守卫,冕卫      
负伤,受伤
受伤白焰龙,负伤白焰龙
卡波洛斯   的触手,卡波洛斯的触手   
卡波洛斯   之怒,卡波洛斯之怒   
监视者调音,游神调音   
发起效果,触发效果
滚石不生苔,摇滚石熊   
姑姑,姑妈
顶部层架,上层货架
底部层架,下层货架
幽影军团,暗影军团
「至尊」,「之主」
漂亮的剑控驭      ,漂亮的剑据为己有
牛头怪,牛头人
我给过你机会了，敢背叛我就等着被捅一刀。,我给过你机会了，胆敢背叛我就必须吃刀子。
冬之爪,凛冬爪
战争之母,战母      
镜像,镜花
泰尔石,建言棋
布尔鲁,芭茹   
黯雾,黑雾
福尔敦,福琼   
复活咆哮,复生咆哮
策画,策划
巨龙之训,神龙之训
巨龙之怒,神龙之怒
窃取自己,控制自己
且并存活,并且存活
远古预测,远古预言
骗术士,秘法师
宇宙宝库,宇宙宝箱
青铜宝库,青铜宝箱
白银宝库,白银宝箱
黄金宝库,黄金宝箱
铂金宝库,铂金宝箱
超威能死亡火箭,超究极死神飞弹
传奇,传说
首战,首胜
赞美监视者,赞美游神   
米普,木灵
监视者去哪里了,游神   去哪里了
监视者的行动,游神   的行动
监视者亲手,游神   亲手
监视者本人,游神   本人
猎魔,驱法
四不像,噬怪   
超额,溢出
加诸,造成
堡垒内蛛巢苏醒,堡垒内倾巢而出
绞喉,铁手
设定玩家头像,设置你的头像
啾吉,魔蛙
永世同袍,永世效忠
游牧民勋章,游牧民印章
噬血面纱,放血面纱
又很好窃取,又很好控制
怒涛卷霜而来,排山倒海而来
奈落炎炮,地狱火炮
巨龙赐予,神龙赐予
增添物品,添加装备
道具,装备
禁用装备,禁用道具
污水坑,地沟区
恶鲨,鱼骨
光耀晶球,光辉晶球
奇里安,铃鼠   
炸弹快递,特别快递
侦察犬之光,侦犬荣誉   
蚀魂夜归来,蚀魂夜再现
我劝你不在,我劝你离开
日轮,烈阳
铸星龙王,奥瑞利安
咘咿咿咿,布咿咿咿
经验总值,经验总数
总帅,统领
海派旋转炮,加特林海甲
狂鲨炮,雷克斯
防御塔护甲,防御塔镀层
先锋随从,先锋侍从
轮到对手行动时己方无法采取行动。,轮到对手行动时，您无法行动。      
驱法人,驱法者
风格,皮肤
增添个人皮肤,装点你的游戏
对战皮肤,牌组风格
讲课皮肤,讲课风格
时尚皮肤,时尚风格
我喜欢你的皮肤,我喜欢你的风格
想为游戏画面增添一点个人皮肤,希望对局画面更有一点个人风格
有皮肤，有内涵。,有货，有范。      
还真是有你的皮肤,还真是有你的风格
可瑞娜,卡银娜
各自的皮肤风格,自己的视觉风格
战斗皮肤,战斗风格
傻子,愚者
准鼓舞斗,准备战斗
载入中,正载入
顽皮精灵,调皮灵兽
加速为,提升至
相信你的牌组,尽在卡牌中   
流寇,乱兵
嗜血乱兵,嗜血流寇
宝库,宝室
军阀宝室,军阀宝库
海利亚宝室,海利亚宝库
典藏罐,胶囊罐
美人刺客,刺客美人
情人,爱人
爱人眼里出蛛丝,情人眼里出西施
且此牌为巨龙牌,此牌成为巨龙牌
祖灵之试,灵魂试炼
远古预测,古神先知
宝室等级上限,宝库已达上限
重新连接中,正在重连中
无法连接,无法重连
生死相倚,生死双子
双时手表,双时秒表
并视为巨龙牌,并成为巨龙牌
石跃者,跃岩者
盖伦的幽会,盖伦的约会
战士纯情,战士之情
魔法爆破专家,爆破鬼才      
破败之王之剑,破败王者之刃
破败王冠,破败之冠
链魂狱长的灯笼,魂锁典狱长之灯
德玛西亚楷模,德玛西亚皇子
已启用,已激活
糜爪巴凯,靡爪巴凯
对战:,开战:
攻击主动权,攻击的标志
碧蓝魄罗,海蓝魄罗
屠鳍勇士,屠鳍海灵
绝世武僧,武僧      
智慧之木,慧木      
峡谷之主,峡谷主宰
最后一役,最终之战
绝世武僧,武僧      
智慧之木,慧木      
峡谷之主,峡谷主宰
最后一役,最终之战
光辉晶球,光辉法球
虚空之门,兹若特门
变色龙项链,万花灵项链
嗞声调歌器,吱声调歌器
西风圣鸟,和风贤者
装备宝箱,荣光宝箱
先祖祝福,先祖恩泽
臻冰冰晶连枷,臻冰连枷      
追迹者短刀,追踪者匕首
櫻桃血口,烈焰红唇
葛雷夫,格雷福
咆哮深渊,嚎哭深渊
传智者,博学者
森林游侠,孤高游侠
追风任务,追风之任
停滞钟表,秒表      
巨龙的地盘,神龙的地盘
发起了陷阱或祝福,触发了陷阱或祝福
秘密邀请函,谨慎邀约   
神秘星旋,神秘漩涡
担心运气太差吗？赶紧买个重随币，一次刷新一次爽，一直刷新一直爽！,觉得第一次运气太差吗？买一个重随币，看看能不能抽到更好的选项吧！
幼年雪人,雪人幼崽
熔炎护盾,熔岩护盾
岩石编织,塑岩      
烈火审判,烈火审讯
传说实验室,传奇实验室
传说斗士,传奇玩家
蓝宝魄罗,湛蓝魄罗
琥珀黄魄罗,猫眼魄罗   
绀紫魄罗,坦桑魄罗
蔷薇粉魄罗,粉晶魄罗   
金黄魄罗,黄晶魄罗
铁灰魄罗,黑曜魄罗
煞星之怒,暗星之怒
光明哨兵 暗牙鲨,哨兵光牙鲨       
奈落炎 暗牙鲨,奈落炎 火牙鲨
提升其星等,提升其星级
对1个遭到,对1个已被
宝库已达上限,宝室已达上限
冒险还会继续下去,冒险还将继续      
征服,支配
支配天下,一统天下
支配世界,征服世界
支配了,征服了
支配不了,征服不了
支配者,征服者
支配世纪,征服世纪
支配的,征服的
支配你的,征服你的
支配者,征服者
真爱,爱人
人人得爱人,人人得真爱
星光战士,星之守护
圣启织偶,灵罗娃娃
临终拥抱,痛苦之拥
二階蟲甲,体表活肤
极速充能,极限超载
艾卡西亚魔雨,艾卡西亚暴雨
贝尔薇斯,卑尔维斯
虚空能量炮,虚空炮手   
虚空怪物,虚空憎兽
巢穴使者,虫巢令使
虚空探索者,虚空索敌   
狂爪凶性,野爪凶性
迎风小丘,风袭岗   
特菲利安训练场,崔法利训练坑   
监守空壳,受监空壳
冰层龟裂,冰层开裂
冻弹不得,胆寒冰封
雪人战奴,被俘雪人
饥渴空壳,绝望空壳
米凯的祝福,米凯尔祝福
废弃隐踪器,捡来隐身器
皇家法令,敕令      
精神支持,精神支援
坚硬空壳,耐寒空壳
褪色空壳,衰退空壳
穿针引线,引针簇射
剪剪！,快刀剪
剪剪剪！,快刀剪乱
狂欢主持人,喧嚣主持   
黑雾指挥,迷雾指挥
幽灵乐团,阴森乐手
演奏开始,笙歌喧嚣
幽灵爱人,幽灵情人
鬼魂空壳,闹鬼空壳
折纸魔树,千纸树   
海怪教训诫,激流训诫   
传承仪式,通行仪式
破碎空壳,寥落空壳
扭动空壳,痛打空壳
万贯赏金,赎金      
耍老千,出千   
蘑菇幻尘,喷嚏尘菇
荣耀之唤,荣耀之召
残戮收割,最终抚慰
史帝姆,斯迪姆
咒欲迷尘,引诱      
孤独游女,独行女   
主宰狂女,主宰女   
憎恨尖刺,憎恨之刺
给你&,你的&
给你',你的'
我要%,我的%
我要&,我的&
超速抽抽乐,无限火力   
野区大冒险,野区欢迎你
直捣,入侵
巴龙之爪,男爵之手
预示者,先锋   
巨石怪,石甲虫
火红巨喙鸟,深红锋喙鸟
预示者之眼,先锋之眼   
激励馈赠,激励赠礼
分享礼赞,鼓劲赠礼
滋补好礼,滋养赠礼
提速馈赠,迅捷赠礼
鼓舞馈赠,鼓舞赠礼
大海馈赠,海洋赠礼
救护兵,军医   
小磨刀石,口袋磨石
杀出血路,劈山开路
力量至上,凌驾战力
叛国孽党,奸诈鸦群
诅咒卷轴,受诅卷轴
锐雯联盟,德莱联盟
坚硬恩典,铁拳之礼
战团新兵,军团新兵
进攻',交锋'
进攻(,交锋(
先撤守+,败了   +
"先撤守,","败了   ,"
感谢',谢谢'
感谢(,谢谢(
不行),不好)
不行*,不好*
请求支援,求助      
喝珍奶,喝奶茶
星之守护娃娃,星守娃娃      
星之守护飞龙,星守亚龙      
星之守护之光,星守之光      
星之守护捍卫者,星守之卫         
星之守护火炮手,星守之才         
飞龙披风,巨龙披风
二阶虫甲,体表活肤
英雄荣光宝箱,英雄装备宝箱
圣雾,圣霭
你将在攻击时获得窃取权。,你将主管攻击。               
你将在防守时获得窃取权。,你将主管防守。               
诺克萨斯军队,诺克萨斯大军
队友的游戏,队友的对局
将对手新增为好友,向他发送好友请求
新增好友,发送请求
其他实验室,全新实验室
巨喙鸟,锋喙鸟
石怪,石虫
巴龙纳什,纳什男爵
先锋   之眼,先锋之眼   
锋利鸟嘴,锋喙      
从三种效果中择一,从三种效果中选一
队列等待对手中,正队列等待对手
传说追寻者,传奇追寻者
受伤苍炎龙,负伤苍炎龙
强心,壮胆
这派对烂透了，需要达————锐雯来炒热气氛！,这场派对糟糕透顶，需要德莱文暖场！               
胜利必将临到。,胜利必将到来。
我自己来就行了！,我将亲手出马。   
帅气的终结一击来啦！,瞧好了我要放大招了！
我容忍你够久了，一切到此为止。,我忍你够久了，到此为止吧。      
我绝对不会输！见识真正的力量吧！,我不可能战败！见证真正的力量吧！
续力,存续
时间转换器,时间传感器
爆走啦,爆表啦
尊爵,增值
剪快刀剪,快刀剪乱
镜花法师,镜像法师
二阶虫甲,体表活肤
龙棲峰,龙巢峰
已达宝室已达上限,藏宝室已达上限   
购买设定,购买详情
远古魔导,远古巫灵
宣使张开手臂,令使张开手臂
传说等级,传奇等级
医师   升级,医师升级   
在冒险中让医师   移除一张卡牌,在冒险中可让医师移除一张卡牌
在冒险中让医师   移除任意卡牌,在冒险中可让医师移除任意卡牌
在冒险中遇到医师   时，购买完全治疗,在冒险中遇到医师时，可购买完全治疗
所获,获得
咆哮深渊,嚎哭深渊
鼓舞架式,备战架式
鼓舞姿势,备战姿势
